<?xml version="1.0" encoding="utf-8"?>
<!--Created using XmlSitemapGenerator.org - Free HTML, RSS and XML sitemap generator-->
<rss version="2.0">
  <channel>
    <title>OK</title>
    <link>http://explotaideas.ga</link>
    <description />
    <item>
      <guid>http://explotaideas.ga/</guid>
      <title>OK</title>
      <link>http://explotaideas.ga/</link>
      <description />
      <pubDate>Mon, 15 Oct 2018 03:52:00 Z</pubDate>
    </item>
  </channel>
</rss>
<!--<guid value="65027f75-02cc-4795-ab7d-25580582947d" />-->
<!--Created using XmlSitemapGenerator.org - Free HTML, RSS and XML sitemap generator-->